url,slug,category,h1,image,image_alt,seoTitle,seoDescription,primaryKeyword,faqJson,canonicalSuggestion,isLikelyDuplicate,codexAction
https://luneva-psy.ru/blog/kompulsiya-navyazchivye-deystviya-ili-povedenie-vse-my-znaem-chto-nashe-povedenie-formiruetsya-v-detstve,kompulsiya-navyazchivye-deystviya-ili-povedenie-vse-my-znaem-chto-nashe-povedenie-formiruetsya-v-detstve,Полезные статьи,"Компульсии, детский опыт и пищевое поведение",/blog/kompulsiya-navyazchivye-deystviya-ili-povedenie-vse-my-znaem-chto-nashe-povedenie-formiruetsya-v-detstve.jpg,"Компульсии, детский опыт и пищевое поведение — статья психолога Александры Луневой","Компульсии, детский опыт и пищевое поведение | Luneva Psy","Как детский опыт, семейные привычки и способы утешения могут влиять на компульсивное пищевое поведение во взрослом возрасте.",компульсии и пищевое поведение,"[{""question"":""Что относится к расстройствам пищевого поведения?"",""answer"":""К РПП относят состояния, при которых мысли о еде, весе и теле, ограничения, переедание или компенсаторное поведение заметно ухудшают здоровье и качество жизни.""},{""question"":""Можно ли самостоятельно поставить себе диагноз РПП?"",""answer"":""Нет. Самонаблюдение и тесты могут подсказать, что стоит обратиться за помощью, но диагноз устанавливает врач или квалифицированный специалист.""},{""question"":""К кому обращаться при подозрении на РПП?"",""answer"":""Оптимально обратиться к врачу и специалисту по психическому здоровью, который имеет опыт работы с расстройствами пищевого поведения.""}]",https://luneva-psy.ru/blog/kompulsii-navyazchivye-deystviya-i-detskiy-opyt,True,fill_seo_fields_only
https://luneva-psy.ru/blog/kompulsivnoe-pereedanie-priznaki-i-pomosch,kompulsivnoe-pereedanie-priznaki-i-pomosch,Полезные статьи,Компульсивное переедание: признаки и помощь,/blog/kompulsivnoe-pereedanie-priznaki-i-pomosch.jpg,Компульсивное переедание: признаки и помощь — статья психолога Александры Луневой,Компульсивное переедание: признаки и помощь | Luneva Psy,"Признаки компульсивного переедания, возможные причины и способы получить психологическую помощь.",компульсивное переедание,"[{""question"":""Что относится к расстройствам пищевого поведения?"",""answer"":""К РПП относят состояния, при которых мысли о еде, весе и теле, ограничения, переедание или компенсаторное поведение заметно ухудшают здоровье и качество жизни.""},{""question"":""Можно ли самостоятельно поставить себе диагноз РПП?"",""answer"":""Нет. Самонаблюдение и тесты могут подсказать, что стоит обратиться за помощью, но диагноз устанавливает врач или квалифицированный специалист.""},{""question"":""К кому обращаться при подозрении на РПП?"",""answer"":""Оптимально обратиться к врачу и специалисту по психическому здоровью, который имеет опыт работы с расстройствами пищевого поведения.""}]",https://luneva-psy.ru/blog/kompulsivnoe-pereedanie-priznaki-i-pomosch,False,fill_seo_fields_only
https://luneva-psy.ru/blog/rasstro-stva-pischevogo-povedeniya-2,rasstro-stva-pischevogo-povedeniya-2,Полезные статьи,Расстройства пищевого поведения: виды и признаки,/blog/rasstro-stva-pischevogo-povedeniya-2.jpg,Расстройства пищевого поведения: виды и признаки — статья психолога Александры Луневой,Расстройства пищевого поведения: виды и признаки | Luneva Psy,"Что такое расстройства пищевого поведения, какие бывают виды РПП, основные признаки и когда нужна помощь специалиста.",расстройства пищевого поведения,"[{""question"":""Что относится к расстройствам пищевого поведения?"",""answer"":""К РПП относят состояния, при которых мысли о еде, весе и теле, ограничения, переедание или компенсаторное поведение заметно ухудшают здоровье и качество жизни.""},{""question"":""Можно ли самостоятельно поставить себе диагноз РПП?"",""answer"":""Нет. Самонаблюдение и тесты могут подсказать, что стоит обратиться за помощью, но диагноз устанавливает врач или квалифицированный специалист.""},{""question"":""К кому обращаться при подозрении на РПП?"",""answer"":""Оптимально обратиться к врачу и специалисту по психическому здоровью, который имеет опыт работы с расстройствами пищевого поведения.""}]",https://luneva-psy.ru/blog/rasstro-stva-pischevogo-povedeniya,True,fill_seo_fields_only
https://luneva-psy.ru/blog/travmy-vzroslyh-dete-alkogolikov,travmy-vzroslyh-dete-alkogolikov,Полезные статьи,Травмы взрослых детей алкоголиков,/blog/travmy-vzroslyh-dete-alkogolikov.jpg,Травмы взрослых детей алкоголиков — статья психолога Александры Луневой,Травмы взрослых детей алкоголиков | Психолог Александра Лунева,"Как детство в семье с зависимостью влияет на тревогу, самооценку, доверие, отношения и эмоциональное состояние взрослого человека.",взрослые дети алкоголиков,"[{""question"":""О чём статья «Травмы взрослых детей алкоголиков»?"",""answer"":""Материал объясняет тему «взрослые дети алкоголиков» простым и бережным языком и помогает понять, когда может быть полезна консультация психолога.""},{""question"":""Заменяет ли статья консультацию психолога?"",""answer"":""Нет. Статья носит информационный характер и не заменяет индивидуальную диагностику, медицинскую или психологическую помощь.""},{""question"":""Когда стоит обратиться за помощью?"",""answer"":""Если переживания сохраняются, усиливаются или заметно мешают повседневной жизни, лучше обсудить ситуацию с квалифицированным специалистом.""}]",https://luneva-psy.ru/blog/travmy-vzroslyh-detey-alkogolikov,True,fill_seo_fields_only
https://luneva-psy.ru/blog/fetsheyming-i-rasstroystva-pischevogo-povedeniya,fetsheyming-i-rasstroystva-pischevogo-povedeniya,Полезные статьи,Фэтшейминг и расстройства пищевого поведения,/blog/fetsheyming-i-rasstroystva-pischevogo-povedeniya.jpg,Фэтшейминг и расстройства пищевого поведения — статья психолога Александры Луневой,Фэтшейминг и расстройства пищевого поведения | Luneva Psy,"Как фэтшейминг влияет на самооценку, отношение к телу и риск развития расстройств пищевого поведения.",фэтшейминг и РПП,"[{""question"":""Что относится к расстройствам пищевого поведения?"",""answer"":""К РПП относят состояния, при которых мысли о еде, весе и теле, ограничения, переедание или компенсаторное поведение заметно ухудшают здоровье и качество жизни.""},{""question"":""Можно ли самостоятельно поставить себе диагноз РПП?"",""answer"":""Нет. Самонаблюдение и тесты могут подсказать, что стоит обратиться за помощью, но диагноз устанавливает врач или квалифицированный специалист.""},{""question"":""К кому обращаться при подозрении на РПП?"",""answer"":""Оптимально обратиться к врачу и специалисту по психическому здоровью, который имеет опыт работы с расстройствами пищевого поведения.""}]",https://luneva-psy.ru/blog/rasstroystva-pischevogo-povedeniya-i-vliyanie-sredy,True,fill_seo_fields_only
https://luneva-psy.ru/blog/kak-pomoch-tem-kto-sovershaet-self-harm,kak-pomoch-tem-kto-sovershaet-self-harm,Полезные статьи,"Как помочь человеку, который совершает self-harm",/blog/kak-pomoch-tem-kto-sovershaet-self-harm.jpg,"Как помочь человеку, который совершает self-harm — статья психолога Александры Луневой","Как помочь человеку, который совершает self-harm | Luneva Psy","Как поддержать близкого при самоповреждении без давления, обвинений и ультиматумов и когда обращаться за профессиональной помощью.",как помочь при self-harm,"[{""question"":""Что такое self-harm?"",""answer"":""Self-harm — это намеренное причинение себе вреда как способ справиться с сильной эмоциональной болью. Это не диагноз и не всегда означает суицидальное намерение, но требует серьёзного внимания и поддержки.""},{""question"":""Можно ли справиться с самоповреждением самостоятельно?"",""answer"":""Иногда человек может временно снизить импульс, но устойчивое прекращение самоповреждения обычно требует поддержки специалиста и безопасного плана действий.""},{""question"":""Когда нужна срочная помощь?"",""answer"":""Срочная помощь нужна при глубокой травме, сильном кровотечении, потере сознания, угрозе жизни или намерении покончить с собой. В такой ситуации следует немедленно обратиться в экстренную службу.""}]",https://luneva-psy.ru/blog/kak-pomoch-cheloveku-kotoryy-sovershaet-self-harm,True,fill_seo_fields_only
https://luneva-psy.ru/blog/kak-preodolevat-trudnosti-ne-pribegaya-k-selfharm,kak-preodolevat-trudnosti-ne-pribegaya-k-selfharm,Полезные статьи,Как справляться с трудностями без self-harm,/blog/kak-preodolevat-trudnosti-ne-pribegaya-k-selfharm.jpg,Как справляться с трудностями без self-harm — статья психолога Александры Луневой,Как справляться с трудностями без self-harm | Luneva Psy,Бережные способы выразить сильные чувства и пережить напряжение без самоповреждения. Материал не заменяет экстренную помощь.,как справляться без self-harm,"[{""question"":""Что такое self-harm?"",""answer"":""Self-harm — это намеренное причинение себе вреда как способ справиться с сильной эмоциональной болью. Это не диагноз и не всегда означает суицидальное намерение, но требует серьёзного внимания и поддержки.""},{""question"":""Можно ли справиться с самоповреждением самостоятельно?"",""answer"":""Иногда человек может временно снизить импульс, но устойчивое прекращение самоповреждения обычно требует поддержки специалиста и безопасного плана действий.""},{""question"":""Когда нужна срочная помощь?"",""answer"":""Срочная помощь нужна при глубокой травме, сильном кровотечении, потере сознания, угрозе жизни или намерении покончить с собой. В такой ситуации следует немедленно обратиться в экстренную службу.""}]",https://luneva-psy.ru/blog/kak-preodolevat-trudnosti-bez-self-harm,True,fill_seo_fields_only
https://luneva-psy.ru/blog/self-harm,self-harm,Полезные статьи,Self-harm: причины и важные признаки,/blog/self-harm.jpg,Self-harm: причины и важные признаки — статья психолога Александры Луневой,Self-harm: причины и важные признаки | Психолог Александра Лунева,"Что важно знать о самоповреждении, почему оно возникает у подростков и взрослых и где искать поддержку.",self-harm причины,"[{""question"":""Что такое self-harm?"",""answer"":""Self-harm — это намеренное причинение себе вреда как способ справиться с сильной эмоциональной болью. Это не диагноз и не всегда означает суицидальное намерение, но требует серьёзного внимания и поддержки.""},{""question"":""Можно ли справиться с самоповреждением самостоятельно?"",""answer"":""Иногда человек может временно снизить импульс, но устойчивое прекращение самоповреждения обычно требует поддержки специалиста и безопасного плана действий.""},{""question"":""Когда нужна срочная помощь?"",""answer"":""Срочная помощь нужна при глубокой травме, сильном кровотечении, потере сознания, угрозе жизни или намерении покончить с собой. В такой ситуации следует немедленно обратиться в экстренную службу.""}]",https://luneva-psy.ru/blog/self-harm-chto-vazhno-znat,True,fill_seo_fields_only
https://luneva-psy.ru/blog/mechtaem-kak-uolt-disne-2,mechtaem-kak-uolt-disne-2,Полезные статьи,Метод Уолта Диснея: как превратить мечту в план,/blog/mechtaem-kak-uolt-disne-2.jpg,Метод Уолта Диснея: как превратить мечту в план — статья психолога Александры Луневой,Метод Уолта Диснея: как превратить мечту в план | Luneva Psy,"Практическая техника Мечтатель, Реалист и Критик для поиска идей, планирования и проверки пути к цели.",метод Уолта Диснея,"[{""question"":""О чём статья «Метод Уолта Диснея: как превратить мечту в план»?"",""answer"":""Материал объясняет тему «метод Уолта Диснея» простым и бережным языком и помогает понять, когда может быть полезна консультация психолога.""},{""question"":""Заменяет ли статья консультацию психолога?"",""answer"":""Нет. Статья носит информационный характер и не заменяет индивидуальную диагностику, медицинскую или психологическую помощь.""},{""question"":""Когда стоит обратиться за помощью?"",""answer"":""Если переживания сохраняются, усиливаются или заметно мешают повседневной жизни, лучше обсудить ситуацию с квалифицированным специалистом.""}]",https://luneva-psy.ru/blog/mechtaem-kak-uolt-disne,True,fill_seo_fields_only
https://luneva-psy.ru/blog/vystraivaem-lichnye-granicy-2,vystraivaem-lichnye-granicy-2,Полезные статьи,Как выстроить личные границы,/blog/vystraivaem-lichnye-granicy-2.jpg,Как выстроить личные границы — статья психолога Александры Луневой,Как выстроить личные границы | Психолог Александра Лунева,"Что такое личные границы, почему их бывает трудно защищать и какие упражнения помогают обозначать свои потребности.",личные границы,"[{""question"":""О чём статья «Как выстроить личные границы»?"",""answer"":""Материал объясняет тему «личные границы» простым и бережным языком и помогает понять, когда может быть полезна консультация психолога.""},{""question"":""Заменяет ли статья консультацию психолога?"",""answer"":""Нет. Статья носит информационный характер и не заменяет индивидуальную диагностику, медицинскую или психологическую помощь.""},{""question"":""Когда стоит обратиться за помощью?"",""answer"":""Если переживания сохраняются, усиливаются или заметно мешают повседневной жизни, лучше обсудить ситуацию с квалифицированным специалистом.""}]",https://luneva-psy.ru/blog/vystraivaem-lichnye-granicy,True,fill_seo_fields_only
https://luneva-psy.ru/blog/kak-ogranichivayuschie-ubezhdeniya-meshayut-nam-dostigat-cele,kak-ogranichivayuschie-ubezhdeniya-meshayut-nam-dostigat-cele,Полезные статьи,Как ограничивающие убеждения мешают достигать целей,/blog/kak-ogranichivayuschie-ubezhdeniya-meshayut-nam-dostigat-cele.jpg,Как ограничивающие убеждения мешают достигать целей — статья психолога Александры Луневой,Как ограничивающие убеждения мешают достигать целей | Luneva Psy,"Как распознать ограничивающие убеждения, понять их связь с эмоциями и начать формировать более поддерживающий взгляд на себя.",ограничивающие убеждения,"[{""question"":""О чём статья «Как ограничивающие убеждения мешают достигать целей»?"",""answer"":""Материал объясняет тему «ограничивающие убеждения» простым и бережным языком и помогает понять, когда может быть полезна консультация психолога.""},{""question"":""Заменяет ли статья консультацию психолога?"",""answer"":""Нет. Статья носит информационный характер и не заменяет индивидуальную диагностику, медицинскую или психологическую помощь.""},{""question"":""Когда стоит обратиться за помощью?"",""answer"":""Если переживания сохраняются, усиливаются или заметно мешают повседневной жизни, лучше обсудить ситуацию с квалифицированным специалистом.""}]",https://luneva-psy.ru/blog/kak-ogranichivayuschie-ubezhdeniya-meshayut-nam-dostigat-celey,True,fill_seo_fields_only
https://luneva-psy.ru/blog/chto-nuzhno-delat-esli-vy-popali-v-krizisnuyu-situaciyu-2,chto-nuzhno-delat-esli-vy-popali-v-krizisnuyu-situaciyu-2,Полезные статьи,Что делать в кризисной ситуации,/blog/chto-nuzhno-delat-esli-vy-popali-v-krizisnuyu-situaciyu-2.jpg,Что делать в кризисной ситуации — статья психолога Александры Луневой,Что делать в кризисной ситуации | Психолог Александра Лунева,"Первые шаги самопомощи в кризисной ситуации: заземление, поддержка, восстановление ресурсов и обращение к специалисту.",что делать в кризисной ситуации,"[{""question"":""Что помогает в первые минуты кризиса?"",""answer"":""Помогают медленное дыхание, заземление, вода, безопасное место и контакт с человеком, которому вы доверяете.""},{""question"":""Когда обращаться к специалисту?"",""answer"":""Если состояние не улучшается, мешает спать, работать и заботиться о себе или возникают мысли о причинении вреда себе, важно обратиться за профессиональной помощью.""},{""question"":""Что делать при угрозе жизни?"",""answer"":""При непосредственной угрозе жизни нужно немедленно обратиться в экстренную службу или ближайшее медицинское учреждение.""}]",https://luneva-psy.ru/blog/chto-nuzhno-delat-esli-vy-popali-v-krizisnuyu-situaciyu,True,fill_seo_fields_only
https://luneva-psy.ru/blog/detoks-diety-chto-deystvitelno-delaet-organizm,detoks-diety-chto-deystvitelno-delaet-organizm,Полезные статьи,Детокс-диеты: что действительно делает организм,/blog/detoks-diety-chto-deystvitelno-delaet-organizm.jpg,Детокс-диеты: что действительно делает организм — статья психолога Александры Луневой,Детокс-диеты: что действительно делает организм | Luneva Psy,Почему детокс-диеты не очищают организм и что действительно помогает поддерживать здоровье и сбалансированное питание.,детокс диеты,"[{""question"":""Что относится к расстройствам пищевого поведения?"",""answer"":""К РПП относят состояния, при которых мысли о еде, весе и теле, ограничения, переедание или компенсаторное поведение заметно ухудшают здоровье и качество жизни.""},{""question"":""Можно ли самостоятельно поставить себе диагноз РПП?"",""answer"":""Нет. Самонаблюдение и тесты могут подсказать, что стоит обратиться за помощью, но диагноз устанавливает врач или квалифицированный специалист.""},{""question"":""К кому обращаться при подозрении на РПП?"",""answer"":""Оптимально обратиться к врачу и специалисту по психическому здоровью, который имеет опыт работы с расстройствами пищевого поведения.""}]",https://luneva-psy.ru/blog/detoks-diety-i-mify-o-detoksikacii,True,fill_seo_fields_only
https://luneva-psy.ru/blog/prover-est-li-u-tebya-rasstroystvo-pischevogo-povedeniya,prover-est-li-u-tebya-rasstroystvo-pischevogo-povedeniya,РПП и питание,Тест: есть ли риск расстройства пищевого поведения,/blog/prover-est-li-u-tebya-rasstroystvo-pischevogo-povedeniya.jpg,Тест: есть ли риск расстройства пищевого поведения — статья психолога Александры Луневой,Тест: есть ли риск расстройства пищевого поведения | Luneva Psy,Ориентировочный тест на признаки РПП. Результат не является диагнозом и не заменяет консультацию врача или психолога.,тест на расстройство пищевого поведения,"[{""question"":""Что относится к расстройствам пищевого поведения?"",""answer"":""К РПП относят состояния, при которых мысли о еде, весе и теле, ограничения, переедание или компенсаторное поведение заметно ухудшают здоровье и качество жизни.""},{""question"":""Можно ли самостоятельно поставить себе диагноз РПП?"",""answer"":""Нет. Самонаблюдение и тесты могут подсказать, что стоит обратиться за помощью, но диагноз устанавливает врач или квалифицированный специалист.""},{""question"":""К кому обращаться при подозрении на РПП?"",""answer"":""Оптимально обратиться к врачу и специалисту по психическому здоровью, который имеет опыт работы с расстройствами пищевого поведения.""}]",https://luneva-psy.ru/blog/prover-est-li-u-tebya-rasstroystvo-pischevogo-povedeniya,False,fill_seo_fields_only
https://luneva-psy.ru/blog/kompulsii-navyazchivye-deystviya-i-detskiy-opyt,kompulsii-navyazchivye-deystviya-i-detskiy-opyt,Психология,"Компульсии, детский опыт и пищевое поведение",/blog/kompulsii-navyazchivye-deystviya-i-detskiy-opyt.jpg,"Компульсии, детский опыт и пищевое поведение — статья психолога Александры Луневой","Компульсии, детский опыт и пищевое поведение | Luneva Psy",Как детский опыт и семейные способы утешения могут влиять на пищевое поведение и отношения с едой во взрослом возрасте.,компульсии детский опыт,"[{""question"":""Что относится к расстройствам пищевого поведения?"",""answer"":""К РПП относят состояния, при которых мысли о еде, весе и теле, ограничения, переедание или компенсаторное поведение заметно ухудшают здоровье и качество жизни.""},{""question"":""Можно ли самостоятельно поставить себе диагноз РПП?"",""answer"":""Нет. Самонаблюдение и тесты могут подсказать, что стоит обратиться за помощью, но диагноз устанавливает врач или квалифицированный специалист.""},{""question"":""К кому обращаться при подозрении на РПП?"",""answer"":""Оптимально обратиться к врачу и специалисту по психическому здоровью, который имеет опыт работы с расстройствами пищевого поведения.""}]",https://luneva-psy.ru/blog/kompulsii-navyazchivye-deystviya-i-detskiy-opyt,False,fill_seo_fields_only
https://luneva-psy.ru/blog/pereedanie-prichiny-i-priznaki,pereedanie-prichiny-i-priznaki,РПП и питание,"Переедание: причины, признаки и помощь",/blog/pereedanie-prichiny-i-priznaki.jpg,"Переедание: причины, признаки и помощь — статья психолога Александры Луневой","Переедание: причины, признаки и помощь | Психолог Александра Лунева","Как отличить эпизодическое переедание от компульсивного, какие признаки важно заметить и куда обращаться за помощью.",переедание причины,"[{""question"":""Что относится к расстройствам пищевого поведения?"",""answer"":""К РПП относят состояния, при которых мысли о еде, весе и теле, ограничения, переедание или компенсаторное поведение заметно ухудшают здоровье и качество жизни.""},{""question"":""Можно ли самостоятельно поставить себе диагноз РПП?"",""answer"":""Нет. Самонаблюдение и тесты могут подсказать, что стоит обратиться за помощью, но диагноз устанавливает врач или квалифицированный специалист.""},{""question"":""К кому обращаться при подозрении на РПП?"",""answer"":""Оптимально обратиться к врачу и специалисту по психическому здоровью, который имеет опыт работы с расстройствами пищевого поведения.""}]",https://luneva-psy.ru/blog/pereedanie-prichiny-i-priznaki,False,fill_seo_fields_only
https://luneva-psy.ru/blog/rasstro-stva-pischevogo-povedeniya,rasstro-stva-pischevogo-povedeniya,РПП и питание,Расстройства пищевого поведения: симптомы и виды,/blog/rasstro-stva-pischevogo-povedeniya.jpg,Расстройства пищевого поведения: симптомы и виды — статья психолога Александры Луневой,Расстройства пищевого поведения: симптомы и виды | Luneva Psy,"Виды и симптомы РПП: компульсивное переедание, булимия, анорексия и орторексия. Когда нужна помощь специалиста.",расстройства пищевого поведения,"[{""question"":""Что относится к расстройствам пищевого поведения?"",""answer"":""К РПП относят состояния, при которых мысли о еде, весе и теле, ограничения, переедание или компенсаторное поведение заметно ухудшают здоровье и качество жизни.""},{""question"":""Можно ли самостоятельно поставить себе диагноз РПП?"",""answer"":""Нет. Самонаблюдение и тесты могут подсказать, что стоит обратиться за помощью, но диагноз устанавливает врач или квалифицированный специалист.""},{""question"":""К кому обращаться при подозрении на РПП?"",""answer"":""Оптимально обратиться к врачу и специалисту по психическому здоровью, который имеет опыт работы с расстройствами пищевого поведения.""}]",https://luneva-psy.ru/blog/rasstro-stva-pischevogo-povedeniya,False,fill_seo_fields_only
https://luneva-psy.ru/blog/travmy-vzroslyh-detey-alkogolikov,travmy-vzroslyh-detey-alkogolikov,Травма и семья,Травмы взрослых детей алкоголиков,/blog/travmy-vzroslyh-detey-alkogolikov.jpg,Травмы взрослых детей алкоголиков — статья психолога Александры Луневой,Травмы взрослых детей алкоголиков | Психолог Александра Лунева,"Повышенная тревожность, контроль, сложности с эмоциями и доверием у взрослых детей алкоголиков и роль психотерапии.",взрослые дети алкоголиков,"[{""question"":""О чём статья «Травмы взрослых детей алкоголиков»?"",""answer"":""Материал объясняет тему «взрослые дети алкоголиков» простым и бережным языком и помогает понять, когда может быть полезна консультация психолога.""},{""question"":""Заменяет ли статья консультацию психолога?"",""answer"":""Нет. Статья носит информационный характер и не заменяет индивидуальную диагностику, медицинскую или психологическую помощь.""},{""question"":""Когда стоит обратиться за помощью?"",""answer"":""Если переживания сохраняются, усиливаются или заметно мешают повседневной жизни, лучше обсудить ситуацию с квалифицированным специалистом.""}]",https://luneva-psy.ru/blog/travmy-vzroslyh-detey-alkogolikov,False,fill_seo_fields_only
https://luneva-psy.ru/blog/rasstroystva-pischevogo-povedeniya-i-vliyanie-sredy,rasstroystva-pischevogo-povedeniya-i-vliyanie-sredy,РПП и питание,Расстройства пищевого поведения и влияние среды,/blog/rasstroystva-pischevogo-povedeniya-i-vliyanie-sredy.jpg,Расстройства пищевого поведения и влияние среды — статья психолога Александры Луневой,Расстройства пищевого поведения и влияние среды | Luneva Psy,"Как стандарты красоты, давление общества и фэтшейминг влияют на отношение к телу и риск развития РПП.",влияние среды на РПП,"[{""question"":""Что относится к расстройствам пищевого поведения?"",""answer"":""К РПП относят состояния, при которых мысли о еде, весе и теле, ограничения, переедание или компенсаторное поведение заметно ухудшают здоровье и качество жизни.""},{""question"":""Можно ли самостоятельно поставить себе диагноз РПП?"",""answer"":""Нет. Самонаблюдение и тесты могут подсказать, что стоит обратиться за помощью, но диагноз устанавливает врач или квалифицированный специалист.""},{""question"":""К кому обращаться при подозрении на РПП?"",""answer"":""Оптимально обратиться к врачу и специалисту по психическому здоровью, который имеет опыт работы с расстройствами пищевого поведения.""}]",https://luneva-psy.ru/blog/rasstroystva-pischevogo-povedeniya-i-vliyanie-sredy,False,fill_seo_fields_only
https://luneva-psy.ru/blog/kak-pomoch-cheloveku-kotoryy-sovershaet-self-harm,kak-pomoch-cheloveku-kotoryy-sovershaet-self-harm,Кризисы и самопомощь,"Как помочь человеку, который совершает self-harm",/blog/kak-pomoch-cheloveku-kotoryy-sovershaet-self-harm.jpg,"Как помочь человеку, который совершает self-harm — статья психолога Александры Луневой","Как помочь человеку, который совершает self-harm | Luneva Psy","Как говорить с человеком, который причиняет себе вред, предлагать поддержку без осуждения и помогать обратиться к специалисту.",помощь при самоповреждении,"[{""question"":""Что такое self-harm?"",""answer"":""Self-harm — это намеренное причинение себе вреда как способ справиться с сильной эмоциональной болью. Это не диагноз и не всегда означает суицидальное намерение, но требует серьёзного внимания и поддержки.""},{""question"":""Можно ли справиться с самоповреждением самостоятельно?"",""answer"":""Иногда человек может временно снизить импульс, но устойчивое прекращение самоповреждения обычно требует поддержки специалиста и безопасного плана действий.""},{""question"":""Когда нужна срочная помощь?"",""answer"":""Срочная помощь нужна при глубокой травме, сильном кровотечении, потере сознания, угрозе жизни или намерении покончить с собой. В такой ситуации следует немедленно обратиться в экстренную службу.""}]",https://luneva-psy.ru/blog/kak-pomoch-cheloveku-kotoryy-sovershaet-self-harm,False,fill_seo_fields_only
https://luneva-psy.ru/blog/mify-o-self-harm,mify-o-self-harm,Кризисы и самопомощь,Мифы о self-harm и признаки самоповреждения,/blog/mify-o-self-harm.jpg,Мифы о self-harm и признаки самоповреждения — статья психолога Александры Луневой,Мифы о self-harm и признаки самоповреждения | Luneva Psy,"Разбираем распространённые мифы о самоповреждении и признаки, на которые стоит обратить внимание близким.",мифы о self-harm,"[{""question"":""Что такое self-harm?"",""answer"":""Self-harm — это намеренное причинение себе вреда как способ справиться с сильной эмоциональной болью. Это не диагноз и не всегда означает суицидальное намерение, но требует серьёзного внимания и поддержки.""},{""question"":""Можно ли справиться с самоповреждением самостоятельно?"",""answer"":""Иногда человек может временно снизить импульс, но устойчивое прекращение самоповреждения обычно требует поддержки специалиста и безопасного плана действий.""},{""question"":""Когда нужна срочная помощь?"",""answer"":""Срочная помощь нужна при глубокой травме, сильном кровотечении, потере сознания, угрозе жизни или намерении покончить с собой. В такой ситуации следует немедленно обратиться в экстренную службу.""}]",https://luneva-psy.ru/blog/mify-o-self-harm,False,fill_seo_fields_only
https://luneva-psy.ru/blog/kak-preodolevat-trudnosti-bez-self-harm,kak-preodolevat-trudnosti-bez-self-harm,Кризисы и самопомощь,Как справляться с трудностями без self-harm,/blog/kak-preodolevat-trudnosti-bez-self-harm.jpg,Как справляться с трудностями без self-harm — статья психолога Александры Луневой,Как справляться с трудностями без self-harm | Luneva Psy,Альтернативные способы пережить сильные эмоции без самоповреждения и важность профессиональной поддержки.,как перестать причинять себе вред,"[{""question"":""Что такое self-harm?"",""answer"":""Self-harm — это намеренное причинение себе вреда как способ справиться с сильной эмоциональной болью. Это не диагноз и не всегда означает суицидальное намерение, но требует серьёзного внимания и поддержки.""},{""question"":""Можно ли справиться с самоповреждением самостоятельно?"",""answer"":""Иногда человек может временно снизить импульс, но устойчивое прекращение самоповреждения обычно требует поддержки специалиста и безопасного плана действий.""},{""question"":""Когда нужна срочная помощь?"",""answer"":""Срочная помощь нужна при глубокой травме, сильном кровотечении, потере сознания, угрозе жизни или намерении покончить с собой. В такой ситуации следует немедленно обратиться в экстренную службу.""}]",https://luneva-psy.ru/blog/kak-preodolevat-trudnosti-bez-self-harm,False,fill_seo_fields_only
https://luneva-psy.ru/blog/kak-perestat-sovershat-self-harm,kak-perestat-sovershat-self-harm,Кризисы и самопомощь,Как перестать совершать self-harm,/blog/kak-perestat-sovershat-self-harm.jpg,Как перестать совершать self-harm — статья психолога Александры Луневой,Как перестать совершать self-harm | Психолог Александра Лунева,"Первые шаги к прекращению самоповреждения: доверие, понимание триггеров, эмоциональная осознанность и помощь специалиста.",как перестать self-harm,"[{""question"":""Что такое self-harm?"",""answer"":""Self-harm — это намеренное причинение себе вреда как способ справиться с сильной эмоциональной болью. Это не диагноз и не всегда означает суицидальное намерение, но требует серьёзного внимания и поддержки.""},{""question"":""Можно ли справиться с самоповреждением самостоятельно?"",""answer"":""Иногда человек может временно снизить импульс, но устойчивое прекращение самоповреждения обычно требует поддержки специалиста и безопасного плана действий.""},{""question"":""Когда нужна срочная помощь?"",""answer"":""Срочная помощь нужна при глубокой травме, сильном кровотечении, потере сознания, угрозе жизни или намерении покончить с собой. В такой ситуации следует немедленно обратиться в экстренную службу.""}]",https://luneva-psy.ru/blog/kak-perestat-sovershat-self-harm,False,fill_seo_fields_only
https://luneva-psy.ru/blog/posledstviya-self-harm,posledstviya-self-harm,Кризисы и самопомощь,Последствия self-harm,/blog/posledstviya-self-harm.jpg,Последствия self-harm — статья психолога Александры Луневой,Последствия self-harm | Психолог Александра Лунева,"Физические и психологические последствия самоповреждения, риск привыкания и почему важно обратиться за поддержкой.",последствия self-harm,"[{""question"":""Что такое self-harm?"",""answer"":""Self-harm — это намеренное причинение себе вреда как способ справиться с сильной эмоциональной болью. Это не диагноз и не всегда означает суицидальное намерение, но требует серьёзного внимания и поддержки.""},{""question"":""Можно ли справиться с самоповреждением самостоятельно?"",""answer"":""Иногда человек может временно снизить импульс, но устойчивое прекращение самоповреждения обычно требует поддержки специалиста и безопасного плана действий.""},{""question"":""Когда нужна срочная помощь?"",""answer"":""Срочная помощь нужна при глубокой травме, сильном кровотечении, потере сознания, угрозе жизни или намерении покончить с собой. В такой ситуации следует немедленно обратиться в экстренную службу.""}]",https://luneva-psy.ru/blog/posledstviya-self-harm,False,fill_seo_fields_only
https://luneva-psy.ru/blog/self-harm-chto-vazhno-znat,self-harm-chto-vazhno-znat,Кризисы и самопомощь,Self-harm: что важно знать,/blog/self-harm-chto-vazhno-znat.jpg,Self-harm: что важно знать — статья психолога Александры Луневой,Self-harm: что важно знать | Психолог Александра Лунева,"Что такое self-harm, какие чувства и обстоятельства могут к нему приводить и почему человеку нужна бережная профессиональная помощь.",self-harm что это,"[{""question"":""Что такое self-harm?"",""answer"":""Self-harm — это намеренное причинение себе вреда как способ справиться с сильной эмоциональной болью. Это не диагноз и не всегда означает суицидальное намерение, но требует серьёзного внимания и поддержки.""},{""question"":""Можно ли справиться с самоповреждением самостоятельно?"",""answer"":""Иногда человек может временно снизить импульс, но устойчивое прекращение самоповреждения обычно требует поддержки специалиста и безопасного плана действий.""},{""question"":""Когда нужна срочная помощь?"",""answer"":""Срочная помощь нужна при глубокой травме, сильном кровотечении, потере сознания, угрозе жизни или намерении покончить с собой. В такой ситуации следует немедленно обратиться в экстренную службу.""}]",https://luneva-psy.ru/blog/self-harm-chto-vazhno-znat,False,fill_seo_fields_only
https://luneva-psy.ru/blog/kak-konstruktivno-kritikovat-podrostka,kak-konstruktivno-kritikovat-podrostka,Подростки и семья,Как конструктивно критиковать подростка,/blog/kak-konstruktivno-kritikovat-podrostka.jpg,Как конструктивно критиковать подростка — статья психолога Александры Луневой,Как конструктивно критиковать подростка | Психолог Александра Лунева,"Как давать подростку обратную связь без унижения и сравнений, сохранять доверие и обсуждать поведение спокойно и ясно.",как критиковать подростка,"[{""question"":""Когда подростку может понадобиться психолог?"",""answer"":""Стоит обратиться за консультацией, если изменения настроения, тревога, агрессия, изоляция или трудности с учёбой и отношениями сохраняются и мешают повседневной жизни.""},{""question"":""Как говорить с подростком о сложных темах?"",""answer"":""Важно выбирать спокойный момент, говорить без обвинений, задавать открытые вопросы и внимательно слушать, не обесценивая чувства подростка.""},{""question"":""Можно ли заставить подростка пойти к психологу?"",""answer"":""Давление часто усиливает сопротивление. Лучше объяснить цель консультации, дать возможность задать вопросы и по возможности участвовать в выборе специалиста.""}]",https://luneva-psy.ru/blog/kak-konstruktivno-kritikovat-podrostka,False,fill_seo_fields_only
https://luneva-psy.ru/blog/perepady-nastroeniya-u-podrostka-normalno-li-eto,perepady-nastroeniya-u-podrostka-normalno-li-eto,Подростки и семья,Перепады настроения у подростка: норма или повод для тревоги,/blog/perepady-nastroeniya-u-podrostka-normalno-li-eto.jpg,Перепады настроения у подростка: норма или повод для тревоги — статья психолога Александры Луневой,Перепады настроения у подростка: норма или повод для тревоги | Luneva Psy,"Почему у подростков меняется настроение, как родителям реагировать спокойно и в каких случаях стоит обратиться к психологу.",перепады настроения у подростка,"[{""question"":""Когда подростку может понадобиться психолог?"",""answer"":""Стоит обратиться за консультацией, если изменения настроения, тревога, агрессия, изоляция или трудности с учёбой и отношениями сохраняются и мешают повседневной жизни.""},{""question"":""Как говорить с подростком о сложных темах?"",""answer"":""Важно выбирать спокойный момент, говорить без обвинений, задавать открытые вопросы и внимательно слушать, не обесценивая чувства подростка.""},{""question"":""Можно ли заставить подростка пойти к психологу?"",""answer"":""Давление часто усиливает сопротивление. Лучше объяснить цель консультации, дать возможность задать вопросы и по возможности участвовать в выборе специалиста.""}]",https://luneva-psy.ru/blog/perepady-nastroeniya-u-podrostka-normalno-li-eto,False,fill_seo_fields_only
https://luneva-psy.ru/blog/psihoterapiya-ozhidanie-realnost,psihoterapiya-ozhidanie-realnost,Психотерапия,Психотерапия: ожидания и реальность,/blog/psihoterapiya-ozhidanie-realnost.jpg,Психотерапия: ожидания и реальность — статья психолога Александры Луневой,Психотерапия: ожидания и реальность | Психолог Александра Лунева,"Чего ожидать от психотерапии, почему изменения требуют времени и чем разговор с психологом отличается от разговора с другом.",как проходит психотерапия,"[{""question"":""Как проходит первая консультация с психологом?"",""answer"":""На первой встрече специалист знакомится с вашим запросом, уточняет ожидания и обсуждает формат дальнейшей работы. Необязательно сразу рассказывать всё.""},{""question"":""Сколько встреч может понадобиться?"",""answer"":""Продолжительность терапии зависит от запроса, целей и индивидуальной ситуации. Это обсуждается со специалистом в процессе работы.""},{""question"":""Можно ли волноваться перед первой встречей?"",""answer"":""Да. Волнение, сомнения и страх перед первой консультацией естественны. О них можно прямо сказать психологу.""}]",https://luneva-psy.ru/blog/psihoterapiya-ozhidanie-realnost,False,fill_seo_fields_only
https://luneva-psy.ru/blog/mechtaem-kak-uolt-disne,mechtaem-kak-uolt-disne,Психология,Метод Уолта Диснея: как превратить мечту в план,/blog/mechtaem-kak-uolt-disne.jpg,Метод Уолта Диснея: как превратить мечту в план — статья психолога Александры Луневой,Метод Уолта Диснея: как превратить мечту в план | Luneva Psy,"Практическая техника Мечтатель, Реалист и Критик, которая помогает превратить идею в последовательный план действий.",техника Уолта Диснея,"[{""question"":""О чём статья «Метод Уолта Диснея: как превратить мечту в план»?"",""answer"":""Материал объясняет тему «техника Уолта Диснея» простым и бережным языком и помогает понять, когда может быть полезна консультация психолога.""},{""question"":""Заменяет ли статья консультацию психолога?"",""answer"":""Нет. Статья носит информационный характер и не заменяет индивидуальную диагностику, медицинскую или психологическую помощь.""},{""question"":""Когда стоит обратиться за помощью?"",""answer"":""Если переживания сохраняются, усиливаются или заметно мешают повседневной жизни, лучше обсудить ситуацию с квалифицированным специалистом.""}]",https://luneva-psy.ru/blog/mechtaem-kak-uolt-disne,False,fill_seo_fields_only
https://luneva-psy.ru/blog/kak-geshtalt-terapiya-pomogaet-zhit-zdes-i-seychas,kak-geshtalt-terapiya-pomogaet-zhit-zdes-i-seychas,Психотерапия,Как гештальт-терапия помогает жить здесь и сейчас,/blog/kak-geshtalt-terapiya-pomogaet-zhit-zdes-i-seychas.jpg,Как гештальт-терапия помогает жить здесь и сейчас — статья психолога Александры Луневой,Как гештальт-терапия помогает жить здесь и сейчас | Luneva Psy,"Как гештальт-терапия помогает замечать чувства и телесные реакции, завершать незакрытые ситуации и лучше понимать свои потребности.",гештальт терапия,"[{""question"":""Как проходит первая консультация с психологом?"",""answer"":""На первой встрече специалист знакомится с вашим запросом, уточняет ожидания и обсуждает формат дальнейшей работы. Необязательно сразу рассказывать всё.""},{""question"":""Сколько встреч может понадобиться?"",""answer"":""Продолжительность терапии зависит от запроса, целей и индивидуальной ситуации. Это обсуждается со специалистом в процессе работы.""},{""question"":""Можно ли волноваться перед первой встречей?"",""answer"":""Да. Волнение, сомнения и страх перед первой консультацией естественны. О них можно прямо сказать психологу.""}]",https://luneva-psy.ru/blog/kak-geshtalt-terapiya-pomogaet-zhit-zdes-i-seychas,False,fill_seo_fields_only
https://luneva-psy.ru/blog/vystraivaem-lichnye-granicy,vystraivaem-lichnye-granicy,Психология,Как выстроить личные границы,/blog/vystraivaem-lichnye-granicy.jpg,Как выстроить личные границы — статья психолога Александры Луневой,Как выстроить личные границы | Психолог Александра Лунева,Почему личные границы формируются с детства и какие шаги помогают яснее обозначать свои потребности и защищать личное пространство.,как выстроить личные границы,"[{""question"":""О чём статья «Как выстроить личные границы»?"",""answer"":""Материал объясняет тему «как выстроить личные границы» простым и бережным языком и помогает понять, когда может быть полезна консультация психолога.""},{""question"":""Заменяет ли статья консультацию психолога?"",""answer"":""Нет. Статья носит информационный характер и не заменяет индивидуальную диагностику, медицинскую или психологическую помощь.""},{""question"":""Когда стоит обратиться за помощью?"",""answer"":""Если переживания сохраняются, усиливаются или заметно мешают повседневной жизни, лучше обсудить ситуацию с квалифицированным специалистом.""}]",https://luneva-psy.ru/blog/vystraivaem-lichnye-granicy,False,fill_seo_fields_only
https://luneva-psy.ru/blog/uprazhnenie-osvobozhdenie-ot-negativa,uprazhnenie-osvobozhdenie-ot-negativa,Психология,Упражнение «Освобождение от негатива»,/blog/uprazhnenie-osvobozhdenie-ot-negativa.jpg,Упражнение «Освобождение от негатива» — статья психолога Александры Луневой,Упражнение «Освобождение от негатива» | Психолог Александра Лунева,Практика визуализации для работы с обидой и тяжёлыми переживаниями. Выполняйте бережно и прекращайте при усилении дискомфорта.,упражнение от обиды,"[{""question"":""О чём статья «Упражнение «Освобождение от негатива»»?"",""answer"":""Материал объясняет тему «упражнение от обиды» простым и бережным языком и помогает понять, когда может быть полезна консультация психолога.""},{""question"":""Заменяет ли статья консультацию психолога?"",""answer"":""Нет. Статья носит информационный характер и не заменяет индивидуальную диагностику, медицинскую или психологическую помощь.""},{""question"":""Когда стоит обратиться за помощью?"",""answer"":""Если переживания сохраняются, усиливаются или заметно мешают повседневной жизни, лучше обсудить ситуацию с квалифицированным специалистом.""}]",https://luneva-psy.ru/blog/uprazhnenie-osvobozhdenie-ot-negativa,False,fill_seo_fields_only
https://luneva-psy.ru/blog/5-strahov-obrascheniya-k-psihologu,5-strahov-obrascheniya-k-psihologu,Психотерапия,5 страхов обращения к психологу,/blog/5-strahov-obrascheniya-k-psihologu.jpg,5 страхов обращения к психологу — статья психолога Александры Луневой,5 страхов обращения к психологу | Психолог Александра Лунева,"Почему люди откладывают обращение к психологу и как понять, что ваши трудности заслуживают внимания и поддержки.",страх идти к психологу,"[{""question"":""Как проходит первая консультация с психологом?"",""answer"":""На первой встрече специалист знакомится с вашим запросом, уточняет ожидания и обсуждает формат дальнейшей работы. Необязательно сразу рассказывать всё.""},{""question"":""Сколько встреч может понадобиться?"",""answer"":""Продолжительность терапии зависит от запроса, целей и индивидуальной ситуации. Это обсуждается со специалистом в процессе работы.""},{""question"":""Можно ли волноваться перед первой встречей?"",""answer"":""Да. Волнение, сомнения и страх перед первой консультацией естественны. О них можно прямо сказать психологу.""}]",https://luneva-psy.ru/blog/5-strahov-obrascheniya-k-psihologu,False,fill_seo_fields_only
https://luneva-psy.ru/blog/kak-ogranichivayuschie-ubezhdeniya-meshayut-nam-dostigat-celey,kak-ogranichivayuschie-ubezhdeniya-meshayut-nam-dostigat-celey,Психология,Как ограничивающие убеждения мешают достигать целей,/blog/kak-ogranichivayuschie-ubezhdeniya-meshayut-nam-dostigat-celey.jpg,Как ограничивающие убеждения мешают достигать целей — статья психолога Александры Луневой,Как ограничивающие убеждения мешают достигать целей | Luneva Psy,"Как убеждения влияют на мотивацию, энергию и действия и почему глубокие установки трудно изменить без поддержки.",ограничивающие убеждения,"[{""question"":""О чём статья «Как ограничивающие убеждения мешают достигать целей»?"",""answer"":""Материал объясняет тему «ограничивающие убеждения» простым и бережным языком и помогает понять, когда может быть полезна консультация психолога.""},{""question"":""Заменяет ли статья консультацию психолога?"",""answer"":""Нет. Статья носит информационный характер и не заменяет индивидуальную диагностику, медицинскую или психологическую помощь.""},{""question"":""Когда стоит обратиться за помощью?"",""answer"":""Если переживания сохраняются, усиливаются или заметно мешают повседневной жизни, лучше обсудить ситуацию с квалифицированным специалистом.""}]",https://luneva-psy.ru/blog/kak-ogranichivayuschie-ubezhdeniya-meshayut-nam-dostigat-celey,False,fill_seo_fields_only
https://luneva-psy.ru/blog/chto-nuzhno-delat-esli-vy-popali-v-krizisnuyu-situaciyu,chto-nuzhno-delat-esli-vy-popali-v-krizisnuyu-situaciyu,Кризисы и самопомощь,Что делать в кризисной ситуации,/blog/chto-nuzhno-delat-esli-vy-popali-v-krizisnuyu-situaciyu.jpg,Что делать в кризисной ситуации — статья психолога Александры Луневой,Что делать в кризисной ситуации | Психолог Александра Лунева,"Шесть бережных шагов самопомощи после стрессового события и признаки того, что важно обратиться за профессиональной поддержкой.",помощь в кризисной ситуации,"[{""question"":""Что помогает в первые минуты кризиса?"",""answer"":""Помогают медленное дыхание, заземление, вода, безопасное место и контакт с человеком, которому вы доверяете.""},{""question"":""Когда обращаться к специалисту?"",""answer"":""Если состояние не улучшается, мешает спать, работать и заботиться о себе или возникают мысли о причинении вреда себе, важно обратиться за профессиональной помощью.""},{""question"":""Что делать при угрозе жизни?"",""answer"":""При непосредственной угрозе жизни нужно немедленно обратиться в экстренную службу или ближайшее медицинское учреждение.""}]",https://luneva-psy.ru/blog/chto-nuzhno-delat-esli-vy-popali-v-krizisnuyu-situaciyu,False,fill_seo_fields_only
https://luneva-psy.ru/blog/kak-ne-vyrastit-abyuzera,kak-ne-vyrastit-abyuzera,Подростки и семья,Как не вырастить абьюзера,/blog/kak-ne-vyrastit-abyuzera.jpg,Как не вырастить абьюзера — статья психолога Александры Луневой,Как не вырастить абьюзера | Психолог Александра Лунева,"Как учить ребёнка эмпатии, уважению к границам и мирному решению конфликтов без гендерных стереотипов и насилия.",как воспитать эмпатичного ребенка,"[{""question"":""Когда подростку может понадобиться психолог?"",""answer"":""Стоит обратиться за консультацией, если изменения настроения, тревога, агрессия, изоляция или трудности с учёбой и отношениями сохраняются и мешают повседневной жизни.""},{""question"":""Как говорить с подростком о сложных темах?"",""answer"":""Важно выбирать спокойный момент, говорить без обвинений, задавать открытые вопросы и внимательно слушать, не обесценивая чувства подростка.""},{""question"":""Можно ли заставить подростка пойти к психологу?"",""answer"":""Давление часто усиливает сопротивление. Лучше объяснить цель консультации, дать возможность задать вопросы и по возможности участвовать в выборе специалиста.""}]",https://luneva-psy.ru/blog/kak-ne-vyrastit-abyuzera,False,fill_seo_fields_only
https://luneva-psy.ru/blog/kak-perezhit-karantin-i-covid-19,kak-perezhit-karantin-i-covid-19,Психология,Как пережить карантин и последствия COVID-19,/blog/kak-perezhit-karantin-i-covid-19.jpg,Как пережить карантин и последствия COVID-19 — статья психолога Александры Луневой,Как пережить карантин и последствия COVID-19 | Luneva Psy,"Как поддержать себя и семью в период изоляции и после пандемии: режим, информационная гигиена, доброжелательное общение и забота о детях.",как справиться с тревогой после COVID-19,"[{""question"":""О чём статья «Как пережить карантин и последствия COVID-19»?"",""answer"":""Материал объясняет тему «как справиться с тревогой после COVID-19» простым и бережным языком и помогает понять, когда может быть полезна консультация психолога.""},{""question"":""Заменяет ли статья консультацию психолога?"",""answer"":""Нет. Статья носит информационный характер и не заменяет индивидуальную диагностику, медицинскую или психологическую помощь.""},{""question"":""Когда стоит обратиться за помощью?"",""answer"":""Если переживания сохраняются, усиливаются или заметно мешают повседневной жизни, лучше обсудить ситуацию с квалифицированным специалистом.""}]",https://luneva-psy.ru/blog/kak-perezhit-karantin-i-covid-19,False,fill_seo_fields_only
https://luneva-psy.ru/blog/detoks-diety-i-mify-o-detoksikacii,detoks-diety-i-mify-o-detoksikacii,РПП и питание,Детокс-диеты и мифы о детоксикации,/blog/detoks-diety-i-mify-o-detoksikacii.jpg,Детокс-диеты и мифы о детоксикации — статья психолога Александры Луневой,Детокс-диеты и мифы о детоксикации | Психолог Александра Лунева,"Почему соки и чаи не выводят токсины, как работает естественная детоксикация организма и чем опасны ограничительные диеты.",детокс диеты мифы,"[{""question"":""Что относится к расстройствам пищевого поведения?"",""answer"":""К РПП относят состояния, при которых мысли о еде, весе и теле, ограничения, переедание или компенсаторное поведение заметно ухудшают здоровье и качество жизни.""},{""question"":""Можно ли самостоятельно поставить себе диагноз РПП?"",""answer"":""Нет. Самонаблюдение и тесты могут подсказать, что стоит обратиться за помощью, но диагноз устанавливает врач или квалифицированный специалист.""},{""question"":""К кому обращаться при подозрении на РПП?"",""answer"":""Оптимально обратиться к врачу и специалисту по психическому здоровью, который имеет опыт работы с расстройствами пищевого поведения.""}]",https://luneva-psy.ru/blog/detoks-diety-i-mify-o-detoksikacii,False,fill_seo_fields_only
